{
  "approach": "C_finetune",
  "timestamp": "20260324T201541Z",
  "train_size": 210,
  "test_size": 50,
  "augmented": false,
  "results": {
    "distilbert_5ep": {
      "accuracy": 0.52,
      "macro_f1": 0.45536062378167635,
      "weighted_f1": 0.447812865497076,
      "per_class_report": {
        "joyful": {
          "precision": 0.8,
          "recall": 1.0,
          "f1-score": 0.8888888888888888,
          "support": 8.0
        },
        "focused": {
          "precision": 0.7142857142857143,
          "recall": 0.625,
          "f1-score": 0.6666666666666666,
          "support": 8.0
        },
        "frustrated": {
          "precision": 0.0,
          "recall": 0.0,
          "f1-score": 0.0,
          "support": 9.0
        },
        "anxious": {
          "precision": 0.38095238095238093,
          "recall": 0.8888888888888888,
          "f1-score": 0.5333333333333333,
          "support": 9.0
        },
        "disengaged": {
          "precision": 1.0,
          "recall": 0.125,
          "f1-score": 0.2222222222222222,
          "support": 8.0
        },
        "overwhelmed": {
          "precision": 0.36363636363636365,
          "recall": 0.5,
          "f1-score": 0.42105263157894735,
          "support": 8.0
        },
        "accuracy": 0.52,
        "macro avg": {
          "precision": 0.5431457431457432,
          "recall": 0.5231481481481481,
          "f1-score": 0.45536062378167635,
          "support": 50.0
        },
        "weighted avg": {
          "precision": 0.5290389610389611,
          "recall": 0.52,
          "f1-score": 0.447812865497076,
          "support": 50.0
        }
      },
      "confusion_matrix": {
        "labels": [
          "joyful",
          "focused",
          "frustrated",
          "anxious",
          "disengaged",
          "overwhelmed"
        ],
        "matrix": [
          [
            8,
            0,
            0,
            0,
            0,
            0
          ],
          [
            1,
            5,
            0,
            1,
            0,
            1
          ],
          [
            0,
            0,
            0,
            6,
            0,
            3
          ],
          [
            0,
            0,
            0,
            8,
            0,
            1
          ],
          [
            1,
            2,
            0,
            2,
            1,
            2
          ],
          [
            0,
            0,
            0,
            4,
            0,
            4
          ]
        ]
      },
      "train_accuracy": 0.6523809523809524,
      "train_time_s": 36.80520616704598,
      "eval_time_s": 1.2569325410295278,
      "avg_confidence": 0.2314673915505409,
      "n_errors": 24,
      "errors": [
        {
          "sentence": "I'm deep into this research paper and everything is connecting perfectly. I don't want to stop.",
          "expected": "focused",
          "predicted": "anxious",
          "confidence": 0.21501603722572327
        },
        {
          "sentence": "I've been in flow state for the past hour coding this feature and it feels incredible.",
          "expected": "focused",
          "predicted": "joyful",
          "confidence": 0.22762393951416016
        },
        {
          "sentence": "I've got my noise-cancelling headphones on and I'm completely locked into this problem. Don't disturb me.",
          "expected": "focused",
          "predicted": "overwhelmed",
          "confidence": 0.21570587158203125
        },
        {
          "sentence": "I've tried three different approaches and nothing works. I'm about to throw my laptop out the window.",
          "expected": "frustrated",
          "predicted": "anxious",
          "confidence": 0.2341080904006958
        },
        {
          "sentence": "The build keeps failing with the same cryptic error and Google has no answers. I'm losing my mind.",
          "expected": "frustrated",
          "predicted": "overwhelmed",
          "confidence": 0.22648462653160095
        },
        {
          "sentence": "I was finally concentrating and then someone called me for something stupid and now the focus is gone completely.",
          "expected": "frustrated",
          "predicted": "overwhelmed",
          "confidence": 0.1998080313205719
        },
        {
          "sentence": "Every time I sit down to study, my brain does everything except study. It's infuriating.",
          "expected": "frustrated",
          "predicted": "anxious",
          "confidence": 0.22090554237365723
        },
        {
          "sentence": "I can't believe I forgot about the meeting. Again. My team must think I'm completely unreliable.",
          "expected": "frustrated",
          "predicted": "anxious",
          "confidence": 0.24250467121601105
        },
        {
          "sentence": "The medication isn't working today and I'm watching myself fail in slow motion. I hate this.",
          "expected": "frustrated",
          "predicted": "anxious",
          "confidence": 0.2360702008008957
        },
        {
          "sentence": "I've rewritten this paragraph five times and it still sounds terrible. I can't get the words right.",
          "expected": "frustrated",
          "predicted": "overwhelmed",
          "confidence": 0.21861107647418976
        },
        {
          "sentence": "My computer crashed and I lost all my unsaved work from the past hour. I want to scream.",
          "expected": "frustrated",
          "predicted": "anxious",
          "confidence": 0.23604167997837067
        },
        {
          "sentence": "Everyone in my group already finished their parts and I haven't even started. They're waiting on me.",
          "expected": "frustrated",
          "predicted": "anxious",
          "confidence": 0.2016981840133667
        },
        {
          "sentence": "The deadline is in 4 hours and I have way too much left to do. My heart is pounding.",
          "expected": "anxious",
          "predicted": "overwhelmed",
          "confidence": 0.23022739589214325
        },
        {
          "sentence": "I'm staring at the screen and the words just blur together. Nothing registers. My brain is offline.",
          "expected": "disengaged",
          "predicted": "overwhelmed",
          "confidence": 0.23794642090797424
        },
        {
          "sentence": "This lecture is so boring I physically cannot make myself pay attention. My mind keeps drifting away.",
          "expected": "disengaged",
          "predicted": "overwhelmed",
          "confidence": 0.2261524647474289
        },
        {
          "sentence": "I'm going through the motions but I'm not actually absorbing anything. I've read this page three times.",
          "expected": "disengaged",
          "predicted": "anxious",
          "confidence": 0.18924809992313385
        },
        {
          "sentence": "I opened my laptop, stared at the screen for 20 minutes, and then closed it. Zero motivation.",
          "expected": "disengaged",
          "predicted": "focused",
          "confidence": 0.19586239755153656
        },
        {
          "sentence": "I used to be interested in this project but now it just feels like a chore. Where did the excitement go?",
          "expected": "disengaged",
          "predicted": "joyful",
          "confidence": 0.1934577077627182
        },
        {
          "sentence": "I keep scrolling through my phone not because I enjoy it, but because I don't have the energy to do anything else.",
          "expected": "disengaged",
          "predicted": "anxious",
          "confidence": 0.23382559418678284
        },
        {
          "sentence": "My to-do list has 30 items and every single one makes me feel exhausted just looking at it.",
          "expected": "disengaged",
          "predicted": "focused",