{
  "approach": "C_finetune",
  "timestamp": "20260324T202200Z",
  "train_size": 1210,
  "test_size": 50,
  "augmented": true,
  "results": {
    "distilbert_5ep": {
      "accuracy": 0.54,
      "macro_f1": 0.48267954267954266,
      "weighted_f1": 0.48285288045288044,
      "per_class_report": {
        "joyful": {
          "precision": 0.8,
          "recall": 0.5,
          "f1-score": 0.6153846153846154,
          "support": 8.0
        },
        "focused": {
          "precision": 0.6,
          "recall": 0.75,
          "f1-score": 0.6666666666666666,
          "support": 8.0
        },
        "frustrated": {
          "precision": 0.46153846153846156,
          "recall": 0.6666666666666666,
          "f1-score": 0.5454545454545454,
          "support": 9.0
        },
        "anxious": {
          "precision": 0.6,
          "recall": 0.3333333333333333,
          "f1-score": 0.42857142857142855,
          "support": 9.0
        },
        "disengaged": {
          "precision": 0.0,
          "recall": 0.0,
          "f1-score": 0.0,
          "support": 8.0
        },
        "overwhelmed": {
          "precision": 0.47058823529411764,
          "recall": 1.0,
          "f1-score": 0.64,
          "support": 8.0
        },
        "accuracy": 0.54,
        "macro avg": {
          "precision": 0.4886877828054299,
          "recall": 0.5416666666666666,
          "f1-score": 0.48267954267954266,
          "support": 50.0
        },
        "weighted avg": {
          "precision": 0.49037104072398185,
          "recall": 0.54,
          "f1-score": 0.48285288045288044,
          "support": 50.0
        }
      },
      "confusion_matrix": {
        "labels": [
          "joyful",
          "focused",
          "frustrated",
          "anxious",
          "disengaged",
          "overwhelmed"
        ],
        "matrix": [
          [
            4,
            1,
            2,
            1,
            0,
            0
          ],
          [
            1,
            6,
            0,
            1,
            0,
            0
          ],
          [
            0,
            0,
            6,
            0,
            0,
            3
          ],
          [
            0,
            0,
            3,
            3,
            0,
            3
          ],
          [
            0,
            3,
            2,
            0,
            0,
            3
          ],
          [
            0,
            0,
            0,
            0,
            0,
            8
          ]
        ]
      },
      "train_accuracy": 0.8818181818181818,
      "train_time_s": 118.98211312503554,
      "eval_time_s": 1.2651976668275893,
      "avg_confidence": 0.5272291678190232,
      "n_errors": 23,
      "errors": [
        {
          "sentence": "I finally finished the hardest section of my report!",
          "expected": "joyful",
          "predicted": "frustrated",
          "confidence": 0.4168824851512909
        },
        {
          "sentence": "I actually got an A on the exam I was dreading. I can't believe it!",
          "expected": "joyful",
          "predicted": "anxious",
          "confidence": 0.5261481404304504
        },
        {
          "sentence": "I managed to cook a proper meal and clean up after myself without getting distracted once.",
          "expected": "joyful",
          "predicted": "frustrated",
          "confidence": 0.5099093914031982
        },
        {
          "sentence": "I just realized I've been working for two straight hours without checking my phone. Small wins!",
          "expected": "joyful",
          "predicted": "focused",
          "confidence": 0.5205812454223633
        },
        {
          "sentence": "The world faded away while I was writing. I looked up and three hours had passed. But productive hours this time.",
          "expected": "focused",
          "predicted": "joyful",
          "confidence": 0.44847360253334045
        },
        {
          "sentence": "I've got my noise-cancelling headphones on and I'm completely locked into this problem. Don't disturb me.",
          "expected": "focused",
          "predicted": "anxious",
          "confidence": 0.31000909209251404
        },
        {
          "sentence": "The build keeps failing with the same cryptic error and Google has no answers. I'm losing my mind.",
          "expected": "frustrated",
          "predicted": "overwhelmed",
          "confidence": 0.4472186863422394
        },
        {
          "sentence": "I can't believe I forgot about the meeting. Again. My team must think I'm completely unreliable.",
          "expected": "frustrated",
          "predicted": "overwhelmed",
          "confidence": 0.4676762521266937
        },
        {
          "sentence": "I've rewritten this paragraph five times and it still sounds terrible. I can't get the words right.",
          "expected": "frustrated",
          "predicted": "overwhelmed",
          "confidence": 0.6599270105361938
        },
        {
          "sentence": "The deadline is in 4 hours and I have way too much left to do. My heart is pounding.",
          "expected": "anxious",
          "predicted": "frustrated",
          "confidence": 0.3461763262748718
        },
        {
          "sentence": "What if my supervisor asks me a question I can't answer during the defense? What if I freeze up?",
          "expected": "anxious",
          "predicted": "frustrated",
          "confidence": 0.3804335296154022
        },
        {
          "sentence": "I have to give a presentation to 50 people and just thinking about it makes me feel sick.",
          "expected": "anxious",
          "predicted": "overwhelmed",
          "confidence": 0.5049201846122742
        },
        {
          "sentence": "Everyone seems to know what they're doing except me. I feel like a fraud who somehow got into this program.",
          "expected": "anxious",
          "predicted": "frustrated",
          "confidence": 0.39296212792396545
        },
        {
          "sentence": "My stomach drops every time I get an email notification. It might be bad news about my overdue work.",
          "expected": "anxious",
          "predicted": "overwhelmed",
          "confidence": 0.5315335392951965
        },
        {
          "sentence": "I know I should be worried about this deadline but honestly I just don't care anymore. I've given up.",
          "expected": "anxious",
          "predicted": "overwhelmed",
          "confidence": 0.49895456433296204
        },
        {
          "sentence": "I'm staring at the screen and the words just blur together. Nothing registers. My brain is offline.",
          "expected": "disengaged",
          "predicted": "frustrated",
          "confidence": 0.24505147337913513
        },
        {
          "sentence": "This lecture is so boring I physically cannot make myself pay attention. My mind keeps drifting away.",
          "expected": "disengaged",
          "predicted": "overwhelmed",
          "confidence": 0.4664801359176636
        },
        {
          "sentence": "I'm going through the motions but I'm not actually absorbing anything. I've read this page three times.",
          "expected": "disengaged",
          "predicted": "focused",
          "confidence": 0.6161782741546631
        },
        {
          "sentence": "I opened my laptop, stared at the screen for 20 minutes, and then closed it. Zero motivation.",
          "expected": "disengaged",
          "predicted": "frustrated",
          "confidence": 0.46055102348327637
        },
        {
          "sentence": "I used to be interested in this project but now it just feels like a chore. Where did the excitement go?",
          "expected": "disengaged",
          "predicted": "focused",