{
  "approach": "C_finetune_augmented",
  "timestamp": "20260324T220824Z",
  "train_size": 30000,
  "test_size": 50,
  "data_sources": [
    "dair-ai/emotion (416K)",
    "GoEmotions (30K)",
    "Empathetic Dialogues (73K)",
    "SuperEmotion (413K)",
    "DailyDialog (14K)",
    "ADHD base (210)"
  ],
  "results": {
    "distilbert_10ep_aug30k": {
      "accuracy": 0.32,
      "macro_f1": 0.2646825396825397,
      "weighted_f1": 0.2655238095238095,
      "per_class_report": {
        "joyful": {
          "precision": 0.5,
          "recall": 0.125,
          "f1-score": 0.2,
          "support": 8.0
        },
        "focused": {
          "precision": 0.3125,
          "recall": 0.625,
          "f1-score": 0.4166666666666667,
          "support": 8.0
        },
        "frustrated": {
          "precision": 0.4,
          "recall": 0.2222222222222222,
          "f1-score": 0.2857142857142857,
          "support": 9.0
        },
        "anxious": {
          "precision": 0.4,
          "recall": 0.2222222222222222,
          "f1-score": 0.2857142857142857,
          "support": 9.0
        },
        "disengaged": {
          "precision": 0.0,
          "recall": 0.0,
          "f1-score": 0.0,
          "support": 8.0
        },
        "overwhelmed": {
          "precision": 0.2727272727272727,
          "recall": 0.75,
          "f1-score": 0.4,
          "support": 8.0
        },
        "accuracy": 0.32,
        "macro avg": {
          "precision": 0.3142045454545454,
          "recall": 0.32407407407407407,
          "f1-score": 0.2646825396825397,
          "support": 50.0
        },
        "weighted avg": {
          "precision": 0.3176363636363636,
          "recall": 0.32,
          "f1-score": 0.2655238095238095,
          "support": 50.0
        }
      },
      "confusion_matrix": {
        "labels": [
          "joyful",
          "focused",
          "frustrated",
          "anxious",
          "disengaged",
          "overwhelmed"
        ],
        "matrix": [
          [
            1,
            5,
            1,
            0,
            0,
            1
          ],
          [
            1,
            5,
            0,
            1,
            0,
            1
          ],
          [
            0,
            1,
            2,
            1,
            0,
            5
          ],
          [
            0,
            2,
            1,
            2,
            0,
            4
          ],
          [
            0,
            2,
            1,
            0,
            0,
            5
          ],
          [
            0,
            1,
            0,
            1,
            0,
            6
          ]
        ]
      },
      "train_accuracy": 0.8631666666666666,
      "train_time_s": 4694.551238124957,
      "eval_time_s": 0.4157230840064585,
      "avg_confidence": 0.6417648899555206,
      "n_errors": 34,
      "errors": [
        {
          "sentence": "I finally finished the hardest section of my report!",
          "expected": "joyful",
          "predicted": "focused",
          "confidence": 0.6943873763084412
        },
        {
          "sentence": "I actually got an A on the exam I was dreading. I can't believe it!",
          "expected": "joyful",
          "predicted": "overwhelmed",
          "confidence": 0.42417410016059875
        },
        {
          "sentence": "I managed to cook a proper meal and clean up after myself without getting distracted once.",
          "expected": "joyful",
          "predicted": "frustrated",
          "confidence": 0.5659475922584534
        },
        {
          "sentence": "My therapist said I'm making real progress and I actually believe her for once.",
          "expected": "joyful",
          "predicted": "focused",
          "confidence": 0.45376938581466675
        },
        {
          "sentence": "I just realized I've been working for two straight hours without checking my phone. Small wins!",
          "expected": "joyful",
          "predicted": "focused",
          "confidence": 0.7997922897338867
        },
        {
          "sentence": "The Pomodoro technique actually worked for me today. Four full cycles done!",
          "expected": "joyful",
          "predicted": "focused",
          "confidence": 0.8633019328117371
        },
        {
          "sentence": "I remembered my appointment today without any reminders. Growth!",
          "expected": "joyful",
          "predicted": "focused",
          "confidence": 0.351823627948761
        },
        {
          "sentence": "I'm deep into this research paper and everything is connecting perfectly. I don't want to stop.",
          "expected": "focused",
          "predicted": "overwhelmed",
          "confidence": 0.40732553601264954
        },
        {
          "sentence": "The world faded away while I was writing. I looked up and three hours had passed. But productive hours this time.",
          "expected": "focused",
          "predicted": "joyful",
          "confidence": 0.4886266887187958
        },
        {
          "sentence": "I've got my noise-cancelling headphones on and I'm completely locked into this problem. Don't disturb me.",
          "expected": "focused",
          "predicted": "anxious",
          "confidence": 0.4474587142467499
        },
        {
          "sentence": "I've tried three different approaches and nothing works. I'm about to throw my laptop out the window.",
          "expected": "frustrated",
          "predicted": "anxious",
          "confidence": 0.3129754960536957
        },
        {
          "sentence": "The build keeps failing with the same cryptic error and Google has no answers. I'm losing my mind.",
          "expected": "frustrated",
          "predicted": "overwhelmed",
          "confidence": 0.8179738521575928
        },
        {
          "sentence": "I was finally concentrating and then someone called me for something stupid and now the focus is gone completely.",
          "expected": "frustrated",
          "predicted": "overwhelmed",
          "confidence": 0.851521909236908
        },
        {
          "sentence": "I can't believe I forgot about the meeting. Again. My team must think I'm completely unreliable.",
          "expected": "frustrated",
          "predicted": "overwhelmed",
          "confidence": 0.35900744795799255
        },
        {
          "sentence": "I've rewritten this paragraph five times and it still sounds terrible. I can't get the words right.",
          "expected": "frustrated",
          "predicted": "overwhelmed",
          "confidence": 0.5215051174163818
        },
        {
          "sentence": "My computer crashed and I lost all my unsaved work from the past hour. I want to scream.",
          "expected": "frustrated",
          "predicted": "overwhelmed",
          "confidence": 0.8376625180244446
        },
        {
          "sentence": "Everyone in my group already finished their parts and I haven't even started. They're waiting on me.",
          "expected": "frustrated",
          "predicted": "focused",
          "confidence": 0.8720540404319763
        },
        {
          "sentence": "The deadline is in 4 hours and I have way too much left to do. My heart is pounding.",
          "expected": "anxious",
          "predicted": "focused",
          "confidence": 0.7637506723403931
        },
        {
          "sentence": "I keep imagining all the ways my presentation could go wrong tomorrow. I can't stop the spiral.",
          "expected": "anxious",
          "predicted": "overwhelmed",
          "confidence": 0.6064426898956299
        },
        {
          "sentence": "What if my supervisor asks me a question I can't answer during the defense? What if I freeze up?",
          "expected": "anxious",
          "predicted": "focused",