{
  "approach": "A_hybrid",
  "timestamp": "20260324T200649Z",
  "train_size": 210,
  "test_size": 50,
  "skip_senticnet": true,
  "results": {
    "logistic": {
      "accuracy": 0.74,
      "macro_f1": 0.7322278484043191,
      "weighted_f1": 0.7350815916110034,
      "per_class_report": {
        "joyful": {
          "precision": 0.5714285714285714,
          "recall": 0.5,
          "f1-score": 0.5333333333333333,
          "support": 8.0
        },
        "focused": {
          "precision": 0.6666666666666666,
          "recall": 0.75,
          "f1-score": 0.7058823529411765,
          "support": 8.0
        },
        "frustrated": {
          "precision": 0.75,
          "recall": 1.0,
          "f1-score": 0.8571428571428571,
          "support": 9.0
        },
        "anxious": {
          "precision": 0.8571428571428571,
          "recall": 0.6666666666666666,
          "f1-score": 0.75,
          "support": 9.0
        },
        "disengaged": {
          "precision": 1.0,
          "recall": 0.625,
          "f1-score": 0.7692307692307693,
          "support": 8.0
        },
        "overwhelmed": {
          "precision": 0.7,
          "recall": 0.875,
          "f1-score": 0.7777777777777778,
          "support": 8.0
        },
        "accuracy": 0.74,
        "macro avg": {
          "precision": 0.7575396825396825,
          "recall": 0.736111111111111,
          "f1-score": 0.7322278484043191,
          "support": 50.0
        },
        "weighted avg": {
          "precision": 0.7593809523809525,
          "recall": 0.74,
          "f1-score": 0.7350815916110034,
          "support": 50.0
        }
      },
      "confusion_matrix": {
        "labels": [
          "joyful",
          "focused",
          "frustrated",
          "anxious",
          "disengaged",
          "overwhelmed"
        ],
        "matrix": [
          [
            4,
            2,
            1,
            1,
            0,
            0
          ],
          [
            1,
            6,
            1,
            0,
            0,
            0
          ],
          [
            0,
            0,
            9,
            0,
            0,
            0
          ],
          [
            1,
            0,
            0,
            6,
            0,
            2
          ],
          [
            1,
            1,
            0,
            0,
            5,
            1
          ],
          [
            0,
            0,
            1,
            0,
            0,
            7
          ]
        ]
      },
      "train_accuracy": 1.0,
      "train_time_s": 5.803133874898776,
      "eval_time_s": 0.5104198751505464,
      "avg_confidence": 0.8097165883349219,
      "n_errors": 13,
      "errors": [
        {
          "sentence": "I finally finished the hardest section of my report!",
          "expected": "joyful",
          "predicted": "focused",
          "confidence": 0.4884148243349614
        },
        {
          "sentence": "I actually got an A on the exam I was dreading. I can't believe it!",
          "expected": "joyful",
          "predicted": "anxious",
          "confidence": 0.47790253273236666
        },
        {
          "sentence": "I just realized I've been working for two straight hours without checking my phone. Small wins!",
          "expected": "joyful",
          "predicted": "frustrated",
          "confidence": 0.8468627924801182
        },
        {
          "sentence": "The Pomodoro technique actually worked for me today. Four full cycles done!",
          "expected": "joyful",
          "predicted": "focused",
          "confidence": 0.4989136502832173
        },
        {
          "sentence": "I've got my noise-cancelling headphones on and I'm completely locked into this problem. Don't disturb me.",
          "expected": "focused",
          "predicted": "frustrated",
          "confidence": 0.9927851636397137
        },
        {
          "sentence": "The data analysis is going smoothly. I'm finding patterns I didn't expect and it's genuinely exciting.",
          "expected": "focused",
          "predicted": "joyful",
          "confidence": 0.6728724209454914
        },
        {
          "sentence": "The deadline is in 4 hours and I have way too much left to do. My heart is pounding.",
          "expected": "anxious",
          "predicted": "overwhelmed",
          "confidence": 0.6398795830254103
        },
        {
          "sentence": "Everyone seems to know what they're doing except me. I feel like a fraud who somehow got into this program.",
          "expected": "anxious",
          "predicted": "joyful",
          "confidence": 0.9343164481787392
        },
        {
          "sentence": "I'm procrastinating on even checking what I need to do because the list will make me panic.",
          "expected": "anxious",
          "predicted": "overwhelmed",
          "confidence": 0.969723014725775
        },
        {
          "sentence": "I'm going through the motions but I'm not actually absorbing anything. I've read this page three times.",
          "expected": "disengaged",
          "predicted": "focused",
          "confidence": 0.5008916869184561
        },
        {
          "sentence": "I used to be interested in this project but now it just feels like a chore. Where did the excitement go?",
          "expected": "disengaged",
          "predicted": "joyful",
          "confidence": 0.5914059223135549
        },
        {
          "sentence": "My to-do list has 30 items and every single one makes me feel exhausted just looking at it.",
          "expected": "disengaged",
          "predicted": "overwhelmed",
          "confidence": 0.998527935227615
        },
        {
          "sentence": "The semester is ending and I have incomplete grades in four classes. I don't know how to fix this.",
          "expected": "overwhelmed",
          "predicted": "frustrated",
          "confidence": 0.9900802481191335
        }
      ]
    },
    "mlp": {
      "accuracy": 0.64,
      "macro_f1": 0.6295055821371611,
      "weighted_f1": 0.631658692185008,
      "per_class_report": {
        "joyful": {
          "precision": 0.5714285714285714,
          "recall": 0.5,
          "f1-score": 0.5333333333333333,
          "support": 8.0
        },
        "focused": {
          "precision": 0.5454545454545454,
          "recall": 0.75,
          "f1-score": 0.631578947368421,
          "support": 8.0
        },
        "frustrated": {
          "precision": 0.6363636363636364,
          "recall": 0.7777777777777778,
          "f1-score": 0.7,
          "support": 9.0
        },
        "anxious": {
          "precision": 0.8333333333333334,
          "recall": 0.5555555555555556,
          "f1-score": 0.6666666666666666,
          "support": 9.0
        },
        "disengaged": {
          "precision": 1.0,
          "recall": 0.375,
          "f1-score": 0.5454545454545454,
          "support": 8.0
        },
        "overwhelmed": {
          "precision": 0.5833333333333334,
          "recall": 0.875,
          "f1-score": 0.7,
          "support": 8.0
        },
        "accuracy": 0.64,
        "macro avg": {
          "precision": 0.6949855699855699,
          "recall": 0.6388888888888888,
          "f1-score": 0.6295055821371611,
          "support": 50.0
        },
        "weighted avg": {
          "precision": 0.6965800865800865,
          "recall": 0.64,
          "f1-score": 0.631658692185008,
          "support": 50.0
        }
      },
      "confusion_matrix": {
        "labels": [
          "joyful",
          "focused",
          "frustrated",
          "anxious",
          "disengaged",
          "overwhelmed"
        ],